S.No,Client Name,Client Phone,Client Email,Venue / Location,Event Type,Budget (INR),Inquiry Date,Artist 1 Name,Artist 1 Category,Artist 1 Base City,Artist 1 Phone,Artist 1 Fee,Artist 1 Portfolio/Instagram,Artist 2 Name,Artist 2 Category,Artist 2 Base City,Artist 2 Phone,Artist 2 Fee,Artist 2 Portfolio/Instagram,Artist 3 Name,Artist 3 Category,Artist 3 Base City,Artist 3 Phone,Artist 3 Fee,Artist 3 Portfolio/Instagram,Artist 4 Name,Artist 4 Category,Artist 4 Base City,Artist 4 Phone,Artist 4 Fee,Artist 4 Portfolio/Instagram,Artist 5 Name,Artist 5 Category,Artist 5 Base City,Artist 5 Phone,Artist 5 Fee,Artist 5 Portfolio/Instagram
1,Raj Kumar,9811582291,rajkumar1709@hotmail.com,Panipat,Haldhi Ceremony at Day,35000.0,"17/7/2026, 8:41:29 am",Anurag anand,Live Singers (Commercial),Delhi NCR,8076069504,Quote on Request,https://instagram.com/anurag_anand0412?igshid=bdxg61abrcoe,Monty,Live Singers (Commercial),Delhi NCR,9643415285,Quote on Request,https://www.instagram.com/reel/DQlR9K8E0s3/?igsh=dXJxY2FubnFwZ2g5,ADITYA,DJs & VDJs,Delhi NCR,9318344059,Quote on Request,https://www.instagram.com/vdj_aadi?igsh=NzFxMGZrMWVveDBy&utm_source=qr,Dj Deep  Singhania,Rappers & Beatboxers,Delhi NCR,9717579713,Quote on Request,https://www.instagram.com/djdeep_singhania?igsh=MTF5NWtobTE4NHdyeg%3D%3D&utm_source=qr,Jashandeep Singh,Home & Acoustic Singers,Delhi NCR,+919351810784,Quote on Request,https://www.instagram.com/thejashandeep?igsi=ZHk3c3psNHFzbW94
2,Ruchika Aneja,9811026182,,TBD,Live Music / Performance,N/A,"20/8/2026, 4:49:07 pm",Anurag anand,Live Singers (Commercial),Delhi NCR,8076069504,Quote on Request,https://instagram.com/anurag_anand0412?igshid=bdxg61abrcoe,Monty,Live Singers (Commercial),Delhi NCR,9643415285,Quote on Request,https://www.instagram.com/reel/DQlR9K8E0s3/?igsh=dXJxY2FubnFwZ2g5,Akshant Bhuiyar,Live Singers (Commercial),"Haridwar, Uttarakhand",+919084230488,Quote on Request,https://www.instagram.com/fxc.aksh?igsh=MW95cmpid2NjcnNxZg==,Vithal Kurakula,Live Singers (Commercial),"Hyderabad, Telangana",7032835100,Quote on Request,https://www.instagram.com/vithal741?igsh=aDZ2cWc3c2d4YTMz&utm_source=qr,Gajendra,Live Singers (Commercial),"Udaipur, Rajasthan",+917906129492,Quote on Request,https://www.instagram.com/gajendralive_?igsh=MWp1NTcwMG1kMTEydQ==
7,ATUL SHUKLA,+917000417204,atulshukla28071987@gmail.com,Jabalpur,All kinds of muscle shows,10000.0,"10/7/2026, 3:27:35 pm",Chitranshu Srivastava,Sufi Singers & Bands,Madhya Pradesh (Indore/Gwalior),8770972538,Quote on Request,https://www.instagram.com/chitranshu_srivastava?igsh=MXJsNTZqcTY1ZDhpcA%3D%3D&utm_source=qr&wa_status_inline=true,Anurag anand,Live Singers (Commercial),Delhi NCR,8076069504,Quote on Request,https://instagram.com/anurag_anand0412?igshid=bdxg61abrcoe,Monty,Live Singers (Commercial),Delhi NCR,9643415285,Quote on Request,https://www.instagram.com/reel/DQlR9K8E0s3/?igsh=dXJxY2FubnFwZ2g5,Akshant Bhuiyar,Live Singers (Commercial),"Haridwar, Uttarakhand",+919084230488,Quote on Request,https://www.instagram.com/fxc.aksh?igsh=MW95cmpid2NjcnNxZg==,Vithal Kurakula,Live Singers (Commercial),"Hyderabad, Telangana",7032835100,Quote on Request,https://www.instagram.com/vithal741?igsh=aDZ2cWc3c2d4YTMz&utm_source=qr
11,Siddhant,+918875289028,siddhantmahato126@gmail.com,Varanasi,Any type of shows,5000.0,"12/7/2026, 9:04:50 am",Anurag anand,Live Singers (Commercial),Delhi NCR,8076069504,Quote on Request,https://instagram.com/anurag_anand0412?igshid=bdxg61abrcoe,Monty,Live Singers (Commercial),Delhi NCR,9643415285,Quote on Request,https://www.instagram.com/reel/DQlR9K8E0s3/?igsh=dXJxY2FubnFwZ2g5,Akshant Bhuiyar,Live Singers (Commercial),"Haridwar, Uttarakhand",+919084230488,Quote on Request,https://www.instagram.com/fxc.aksh?igsh=MW95cmpid2NjcnNxZg==,Vithal Kurakula,Live Singers (Commercial),"Hyderabad, Telangana",7032835100,Quote on Request,https://www.instagram.com/vithal741?igsh=aDZ2cWc3c2d4YTMz&utm_source=qr,Gajendra,Live Singers (Commercial),"Udaipur, Rajasthan",+917906129492,Quote on Request,https://www.instagram.com/gajendralive_?igsh=MWp1NTcwMG1kMTEydQ==
12,Rohit,8123112000,,TBD,Live Music / Performance,N/A,"31/7/2026, 6:20:03 pm",Anurag anand,Live Singers (Commercial),Delhi NCR,8076069504,Quote on Request,https://instagram.com/anurag_anand0412?igshid=bdxg61abrcoe,Monty,Live Singers (Commercial),Delhi NCR,9643415285,Quote on Request,https://www.instagram.com/reel/DQlR9K8E0s3/?igsh=dXJxY2FubnFwZ2g5,Akshant Bhuiyar,Live Singers (Commercial),"Haridwar, Uttarakhand",+919084230488,Quote on Request,https://www.instagram.com/fxc.aksh?igsh=MW95cmpid2NjcnNxZg==,Vithal Kurakula,Live Singers (Commercial),"Hyderabad, Telangana",7032835100,Quote on Request,https://www.instagram.com/vithal741?igsh=aDZ2cWc3c2d4YTMz&utm_source=qr,Gajendra,Live Singers (Commercial),"Udaipur, Rajasthan",+917906129492,Quote on Request,https://www.instagram.com/gajendralive_?igsh=MWp1NTcwMG1kMTEydQ==
58,PC,9540134646,p.dahiya.four@gmail.com,MUMBAI,Sangeet,50000.0,"23/7/2026, 3:08:39 pm",Satyendra Kumar,Live Bands & Groups,"Mumbai, Maharashtra",+919997278577,Quote on Request,https://www.instagram.com/satyendrakumar___?igsh=MTc0Zzc4d29jemRkNQ==,KABIR,Sufi Singers & Bands,"Mumbai, Maharashtra",+918692898694,Quote on Request,https://www.instagram.com/kabirkollective?igsh=MTlkem14aGZzaWg3cQ==,dharmik chudasama,Sufi Singers & Bands,"Mumbai, Maharashtra",9265327685,Quote on Request,https://www.instagram.com/dharmixioo/,Arvind Agarwal Pune,Live Bands & Groups,"Pune, Maharashtra",+919822329329,Quote on Request,https://www.instagram.com/arvindagarwal.live?igsh=aHI3MGFpOThsYnZv,Mihir Kallianpur,Magicians & Mentalists,"Mumbai, Maharashtra",97404 47370,Quote on Request,https://www.instagram.com/p/CysW_1zo8lz/?igsh=bHA0ZjJ6aHZub3I1
67,Uparjan,9540134646,p.dahiya.four@gmail.com,MUMBAI,Private,500000.0,"23/7/2026, 4:16:46 pm",Arvind A,Home & Acoustic Singers,"Navi Mumbai, Maharashtra",9840517838,Quote on Request,https://www.instagram.com/paithankararvind_musical?igsh=MXEyMWcwMzhhaTdrdg==,Ankur Rawat,Home & Acoustic Singers,"Mumbai, Maharashtra",8467918040,Quote on Request,https://drive.google.com/drive/folders/15GC9xlhuz4tb2X482QhsVcKc6pfpA582,KABIR,Sufi Singers & Bands,"Mumbai, Maharashtra",+918692898694,Quote on Request,https://www.instagram.com/kabirkollective?igsh=MTlkem14aGZzaWg3cQ==,Mihir Kallianpur,Magicians & Mentalists,"Mumbai, Maharashtra",97404 47370,Quote on Request,https://www.instagram.com/p/CysW_1zo8lz/?igsh=bHA0ZjJ6aHZub3I1,Nikhil,Rappers & Beatboxers,"Mumbai, Maharashtra",7900116131,Quote on Request,https://www.instagram.com/who_got_that_dope?igsh=MXJ1cGF4ZWV2Y3QxOA==
77,Nikhil Malhotra,+917892083924,nikhilmalho@gmail.com,Karnal,Wedding,80000.0,"27/7/2026, 5:00:21 pm",Anurag anand,Live Singers (Commercial),Delhi NCR,8076069504,Quote on Request,https://instagram.com/anurag_anand0412?igshid=bdxg61abrcoe,Monty,Live Singers (Commercial),Delhi NCR,9643415285,Quote on Request,https://www.instagram.com/reel/DQlR9K8E0s3/?igsh=dXJxY2FubnFwZ2g5,Akshant Bhuiyar,Live Singers (Commercial),"Haridwar, Uttarakhand",+919084230488,Quote on Request,https://www.instagram.com/fxc.aksh?igsh=MW95cmpid2NjcnNxZg==,Vithal Kurakula,Live Singers (Commercial),"Hyderabad, Telangana",7032835100,Quote on Request,https://www.instagram.com/vithal741?igsh=aDZ2cWc3c2d4YTMz&utm_source=qr,Neon Tramlines,Live Bands & Groups,"Kolkata, West Bengal",7980954731,Quote on Request,https://www.instagram.com/neontramlines?igsh=MW80MW85bHdneGIzMQ==
89,Janam,9971777101,,TBD,Live Music / Performance,N/A,"1/8/2026, 4:33:21 pm",Anurag anand,Live Singers (Commercial),Delhi NCR,8076069504,Quote on Request,https://instagram.com/anurag_anand0412?igshid=bdxg61abrcoe,Monty,Live Singers (Commercial),Delhi NCR,9643415285,Quote on Request,https://www.instagram.com/reel/DQlR9K8E0s3/?igsh=dXJxY2FubnFwZ2g5,Akshant Bhuiyar,Live Singers (Commercial),"Haridwar, Uttarakhand",+919084230488,Quote on Request,https://www.instagram.com/fxc.aksh?igsh=MW95cmpid2NjcnNxZg==,Vithal Kurakula,Live Singers (Commercial),"Hyderabad, Telangana",7032835100,Quote on Request,https://www.instagram.com/vithal741?igsh=aDZ2cWc3c2d4YTMz&utm_source=qr,Gajendra,Live Singers (Commercial),"Udaipur, Rajasthan",+917906129492,Quote on Request,https://www.instagram.com/gajendralive_?igsh=MWp1NTcwMG1kMTEydQ==
105,Vinni,8377954992,,TBD,Live Music / Performance,N/A,"2/8/2026, 12:25:10 am",Anurag anand,Live Singers (Commercial),Delhi NCR,8076069504,Quote on Request,https://instagram.com/anurag_anand0412?igshid=bdxg61abrcoe,Monty,Live Singers (Commercial),Delhi NCR,9643415285,Quote on Request,https://www.instagram.com/reel/DQlR9K8E0s3/?igsh=dXJxY2FubnFwZ2g5,Akshant Bhuiyar,Live Singers (Commercial),"Haridwar, Uttarakhand",+919084230488,Quote on Request,https://www.instagram.com/fxc.aksh?igsh=MW95cmpid2NjcnNxZg==,Vithal Kurakula,Live Singers (Commercial),"Hyderabad, Telangana",7032835100,Quote on Request,https://www.instagram.com/vithal741?igsh=aDZ2cWc3c2d4YTMz&utm_source=qr,Gajendra,Live Singers (Commercial),"Udaipur, Rajasthan",+917906129492,Quote on Request,https://www.instagram.com/gajendralive_?igsh=MWp1NTcwMG1kMTEydQ==
106,Shubhi,9818091006,,TBD,Live Music / Performance,N/A,"2/8/2026, 1:29:09 pm",Anurag anand,Live Singers (Commercial),Delhi NCR,8076069504,Quote on Request,https://instagram.com/anurag_anand0412?igshid=bdxg61abrcoe,Monty,Live Singers (Commercial),Delhi NCR,9643415285,Quote on Request,https://www.instagram.com/reel/DQlR9K8E0s3/?igsh=dXJxY2FubnFwZ2g5,Akshant Bhuiyar,Live Singers (Commercial),"Haridwar, Uttarakhand",+919084230488,Quote on Request,https://www.instagram.com/fxc.aksh?igsh=MW95cmpid2NjcnNxZg==,Vithal Kurakula,Live Singers (Commercial),"Hyderabad, Telangana",7032835100,Quote on Request,https://www.instagram.com/vithal741?igsh=aDZ2cWc3c2d4YTMz&utm_source=qr,Gajendra,Live Singers (Commercial),"Udaipur, Rajasthan",+917906129492,Quote on Request,https://www.instagram.com/gajendralive_?igsh=MWp1NTcwMG1kMTEydQ==
110,Mohan Das,9199338946,,TBD,Live Music / Performance,N/A,"3/8/2026, 12:59:55 pm",Anurag anand,Live Singers (Commercial),Delhi NCR,8076069504,Quote on Request,https://instagram.com/anurag_anand0412?igshid=bdxg61abrcoe,Monty,Live Singers (Commercial),Delhi NCR,9643415285,Quote on Request,https://www.instagram.com/reel/DQlR9K8E0s3/?igsh=dXJxY2FubnFwZ2g5,Akshant Bhuiyar,Live Singers (Commercial),"Haridwar, Uttarakhand",+919084230488,Quote on Request,https://www.instagram.com/fxc.aksh?igsh=MW95cmpid2NjcnNxZg==,Vithal Kurakula,Live Singers (Commercial),"Hyderabad, Telangana",7032835100,Quote on Request,https://www.instagram.com/vithal741?igsh=aDZ2cWc3c2d4YTMz&utm_source=qr,Gajendra,Live Singers (Commercial),"Udaipur, Rajasthan",+917906129492,Quote on Request,https://www.instagram.com/gajendralive_?igsh=MWp1NTcwMG1kMTEydQ==
112,Gajendra pratap singh,9015090041,,TBD,Live Music / Performance,N/A,"4/8/2026, 3:37:09 pm",Anurag anand,Live Singers (Commercial),Delhi NCR,8076069504,Quote on Request,https://instagram.com/anurag_anand0412?igshid=bdxg61abrcoe,Monty,Live Singers (Commercial),Delhi NCR,9643415285,Quote on Request,https://www.instagram.com/reel/DQlR9K8E0s3/?igsh=dXJxY2FubnFwZ2g5,Akshant Bhuiyar,Live Singers (Commercial),"Haridwar, Uttarakhand",+919084230488,Quote on Request,https://www.instagram.com/fxc.aksh?igsh=MW95cmpid2NjcnNxZg==,Vithal Kurakula,Live Singers (Commercial),"Hyderabad, Telangana",7032835100,Quote on Request,https://www.instagram.com/vithal741?igsh=aDZ2cWc3c2d4YTMz&utm_source=qr,Gajendra,Live Singers (Commercial),"Udaipur, Rajasthan",+917906129492,Quote on Request,https://www.instagram.com/gajendralive_?igsh=MWp1NTcwMG1kMTEydQ==
113,Lalatendu,9810107985,,TBD,Live Music / Performance,N/A,"5/8/2026, 10:31:57 pm",Anurag anand,Live Singers (Commercial),Delhi NCR,8076069504,Quote on Request,https://instagram.com/anurag_anand0412?igshid=bdxg61abrcoe,Monty,Live Singers (Commercial),Delhi NCR,9643415285,Quote on Request,https://www.instagram.com/reel/DQlR9K8E0s3/?igsh=dXJxY2FubnFwZ2g5,Akshant Bhuiyar,Live Singers (Commercial),"Haridwar, Uttarakhand",+919084230488,Quote on Request,https://www.instagram.com/fxc.aksh?igsh=MW95cmpid2NjcnNxZg==,Vithal Kurakula,Live Singers (Commercial),"Hyderabad, Telangana",7032835100,Quote on Request,https://www.instagram.com/vithal741?igsh=aDZ2cWc3c2d4YTMz&utm_source=qr,Gajendra,Live Singers (Commercial),"Udaipur, Rajasthan",+917906129492,Quote on Request,https://www.instagram.com/gajendralive_?igsh=MWp1NTcwMG1kMTEydQ==
114,AJAY SARIN,+9109811054523,,TBD,Live Music / Performance,N/A,"6/8/2026, 12:28:57 pm",Anurag anand,Live Singers (Commercial),Delhi NCR,8076069504,Quote on Request,https://instagram.com/anurag_anand0412?igshid=bdxg61abrcoe,Monty,Live Singers (Commercial),Delhi NCR,9643415285,Quote on Request,https://www.instagram.com/reel/DQlR9K8E0s3/?igsh=dXJxY2FubnFwZ2g5,Akshant Bhuiyar,Live Singers (Commercial),"Haridwar, Uttarakhand",+919084230488,Quote on Request,https://www.instagram.com/fxc.aksh?igsh=MW95cmpid2NjcnNxZg==,Vithal Kurakula,Live Singers (Commercial),"Hyderabad, Telangana",7032835100,Quote on Request,https://www.instagram.com/vithal741?igsh=aDZ2cWc3c2d4YTMz&utm_source=qr,Gajendra,Live Singers (Commercial),"Udaipur, Rajasthan",+917906129492,Quote on Request,https://www.instagram.com/gajendralive_?igsh=MWp1NTcwMG1kMTEydQ==
115,Vishakha,8700454367,,TBD,Live Music / Performance,N/A,"6/8/2026, 3:37:14 pm",Anurag anand,Live Singers (Commercial),Delhi NCR,8076069504,Quote on Request,https://instagram.com/anurag_anand0412?igshid=bdxg61abrcoe,Monty,Live Singers (Commercial),Delhi NCR,9643415285,Quote on Request,https://www.instagram.com/reel/DQlR9K8E0s3/?igsh=dXJxY2FubnFwZ2g5,Akshant Bhuiyar,Live Singers (Commercial),"Haridwar, Uttarakhand",+919084230488,Quote on Request,https://www.instagram.com/fxc.aksh?igsh=MW95cmpid2NjcnNxZg==,Vithal Kurakula,Live Singers (Commercial),"Hyderabad, Telangana",7032835100,Quote on Request,https://www.instagram.com/vithal741?igsh=aDZ2cWc3c2d4YTMz&utm_source=qr,Gajendra,Live Singers (Commercial),"Udaipur, Rajasthan",+917906129492,Quote on Request,https://www.instagram.com/gajendralive_?igsh=MWp1NTcwMG1kMTEydQ==
116,Vinod  Kumar,9893672222,,TBD,Live Music / Performance,N/A,"6/8/2026, 7:53:26 pm",Anurag anand,Live Singers (Commercial),Delhi NCR,8076069504,Quote on Request,https://instagram.com/anurag_anand0412?igshid=bdxg61abrcoe,Monty,Live Singers (Commercial),Delhi NCR,9643415285,Quote on Request,https://www.instagram.com/reel/DQlR9K8E0s3/?igsh=dXJxY2FubnFwZ2g5,Akshant Bhuiyar,Live Singers (Commercial),"Haridwar, Uttarakhand",+919084230488,Quote on Request,https://www.instagram.com/fxc.aksh?igsh=MW95cmpid2NjcnNxZg==,Vithal Kurakula,Live Singers (Commercial),"Hyderabad, Telangana",7032835100,Quote on Request,https://www.instagram.com/vithal741?igsh=aDZ2cWc3c2d4YTMz&utm_source=qr,Gajendra,Live Singers (Commercial),"Udaipur, Rajasthan",+917906129492,Quote on Request,https://www.instagram.com/gajendralive_?igsh=MWp1NTcwMG1kMTEydQ==
118,Gautam,9891906489,,TBD,Live Music / Performance,N/A,"13/8/2026, 12:27:17 am",Anurag anand,Live Singers (Commercial),Delhi NCR,8076069504,Quote on Request,https://instagram.com/anurag_anand0412?igshid=bdxg61abrcoe,Monty,Live Singers (Commercial),Delhi NCR,9643415285,Quote on Request,https://www.instagram.com/reel/DQlR9K8E0s3/?igsh=dXJxY2FubnFwZ2g5,Akshant Bhuiyar,Live Singers (Commercial),"Haridwar, Uttarakhand",+919084230488,Quote on Request,https://www.instagram.com/fxc.aksh?igsh=MW95cmpid2NjcnNxZg==,Vithal Kurakula,Live Singers (Commercial),"Hyderabad, Telangana",7032835100,Quote on Request,https://www.instagram.com/vithal741?igsh=aDZ2cWc3c2d4YTMz&utm_source=qr,Gajendra,Live Singers (Commercial),"Udaipur, Rajasthan",+917906129492,Quote on Request,https://www.instagram.com/gajendralive_?igsh=MWp1NTcwMG1kMTEydQ==
122,Seema,9147070647,,TBD,Live Music / Performance,N/A,"16/8/2026, 8:31:33 am",Anurag anand,Live Singers (Commercial),Delhi NCR,8076069504,Quote on Request,https://instagram.com/anurag_anand0412?igshid=bdxg61abrcoe,Monty,Live Singers (Commercial),Delhi NCR,9643415285,Quote on Request,https://www.instagram.com/reel/DQlR9K8E0s3/?igsh=dXJxY2FubnFwZ2g5,Akshant Bhuiyar,Live Singers (Commercial),"Haridwar, Uttarakhand",+919084230488,Quote on Request,https://www.instagram.com/fxc.aksh?igsh=MW95cmpid2NjcnNxZg==,Vithal Kurakula,Live Singers (Commercial),"Hyderabad, Telangana",7032835100,Quote on Request,https://www.instagram.com/vithal741?igsh=aDZ2cWc3c2d4YTMz&utm_source=qr,Gajendra,Live Singers (Commercial),"Udaipur, Rajasthan",+917906129492,Quote on Request,https://www.instagram.com/gajendralive_?igsh=MWp1NTcwMG1kMTEydQ==
132,Sapna,9891126537,,TBD,Live Music / Performance,N/A,"17/8/2026, 2:14:40 pm",Anurag anand,Live Singers (Commercial),Delhi NCR,8076069504,Quote on Request,https://instagram.com/anurag_anand0412?igshid=bdxg61abrcoe,Monty,Live Singers (Commercial),Delhi NCR,9643415285,Quote on Request,https://www.instagram.com/reel/DQlR9K8E0s3/?igsh=dXJxY2FubnFwZ2g5,Akshant Bhuiyar,Live Singers (Commercial),"Haridwar, Uttarakhand",+919084230488,Quote on Request,https://www.instagram.com/fxc.aksh?igsh=MW95cmpid2NjcnNxZg==,Vithal Kurakula,Live Singers (Commercial),"Hyderabad, Telangana",7032835100,Quote on Request,https://www.instagram.com/vithal741?igsh=aDZ2cWc3c2d4YTMz&utm_source=qr,Gajendra,Live Singers (Commercial),"Udaipur, Rajasthan",+917906129492,Quote on Request,https://www.instagram.com/gajendralive_?igsh=MWp1NTcwMG1kMTEydQ==
134,Jyoti,9650433274,,TBD,Live Music / Performance,N/A,"17/8/2026, 7:55:43 pm",Anurag anand,Live Singers (Commercial),Delhi NCR,8076069504,Quote on Request,https://instagram.com/anurag_anand0412?igshid=bdxg61abrcoe,Monty,Live Singers (Commercial),Delhi NCR,9643415285,Quote on Request,https://www.instagram.com/reel/DQlR9K8E0s3/?igsh=dXJxY2FubnFwZ2g5,Akshant Bhuiyar,Live Singers (Commercial),"Haridwar, Uttarakhand",+919084230488,Quote on Request,https://www.instagram.com/fxc.aksh?igsh=MW95cmpid2NjcnNxZg==,Vithal Kurakula,Live Singers (Commercial),"Hyderabad, Telangana",7032835100,Quote on Request,https://www.instagram.com/vithal741?igsh=aDZ2cWc3c2d4YTMz&utm_source=qr,Gajendra,Live Singers (Commercial),"Udaipur, Rajasthan",+917906129492,Quote on Request,https://www.instagram.com/gajendralive_?igsh=MWp1NTcwMG1kMTEydQ==
141,ARUSHI,9999159540,,TBD,Live Music / Performance,N/A,"19/8/2026, 11:08:06 am",Anurag anand,Live Singers (Commercial),Delhi NCR,8076069504,Quote on Request,https://instagram.com/anurag_anand0412?igshid=bdxg61abrcoe,Monty,Live Singers (Commercial),Delhi NCR,9643415285,Quote on Request,https://www.instagram.com/reel/DQlR9K8E0s3/?igsh=dXJxY2FubnFwZ2g5,Akshant Bhuiyar,Live Singers (Commercial),"Haridwar, Uttarakhand",+919084230488,Quote on Request,https://www.instagram.com/fxc.aksh?igsh=MW95cmpid2NjcnNxZg==,Vithal Kurakula,Live Singers (Commercial),"Hyderabad, Telangana",7032835100,Quote on Request,https://www.instagram.com/vithal741?igsh=aDZ2cWc3c2d4YTMz&utm_source=qr,Gajendra,Live Singers (Commercial),"Udaipur, Rajasthan",+917906129492,Quote on Request,https://www.instagram.com/gajendralive_?igsh=MWp1NTcwMG1kMTEydQ==
161,Aayan,8252122828,aayanliveevents@gmail.com,TBD,Call Request,N/A,"21/8/2026, 2:22:00 pm",Anurag anand,Live Singers (Commercial),Delhi NCR,8076069504,Quote on Request,https://instagram.com/anurag_anand0412?igshid=bdxg61abrcoe,Monty,Live Singers (Commercial),Delhi NCR,9643415285,Quote on Request,https://www.instagram.com/reel/DQlR9K8E0s3/?igsh=dXJxY2FubnFwZ2g5,Akshant Bhuiyar,Live Singers (Commercial),"Haridwar, Uttarakhand",+919084230488,Quote on Request,https://www.instagram.com/fxc.aksh?igsh=MW95cmpid2NjcnNxZg==,Vithal Kurakula,Live Singers (Commercial),"Hyderabad, Telangana",7032835100,Quote on Request,https://www.instagram.com/vithal741?igsh=aDZ2cWc3c2d4YTMz&utm_source=qr,Gajendra,Live Singers (Commercial),"Udaipur, Rajasthan",+917906129492,Quote on Request,https://www.instagram.com/gajendralive_?igsh=MWp1NTcwMG1kMTEydQ==
165,Vandana,9810031710,,TBD,Live Music / Performance,N/A,"23/8/2026, 2:17:42 pm",Anurag anand,Live Singers (Commercial),Delhi NCR,8076069504,Quote on Request,https://instagram.com/anurag_anand0412?igshid=bdxg61abrcoe,Monty,Live Singers (Commercial),Delhi NCR,9643415285,Quote on Request,https://www.instagram.com/reel/DQlR9K8E0s3/?igsh=dXJxY2FubnFwZ2g5,Akshant Bhuiyar,Live Singers (Commercial),"Haridwar, Uttarakhand",+919084230488,Quote on Request,https://www.instagram.com/fxc.aksh?igsh=MW95cmpid2NjcnNxZg==,Vithal Kurakula,Live Singers (Commercial),"Hyderabad, Telangana",7032835100,Quote on Request,https://www.instagram.com/vithal741?igsh=aDZ2cWc3c2d4YTMz&utm_source=qr,Gajendra,Live Singers (Commercial),"Udaipur, Rajasthan",+917906129492,Quote on Request,https://www.instagram.com/gajendralive_?igsh=MWp1NTcwMG1kMTEydQ==
167,Shilpi gupta,9968060680,,TBD,Live Music / Performance,N/A,"24/8/2026, 6:20:52 pm",Anurag anand,Live Singers (Commercial),Delhi NCR,8076069504,Quote on Request,https://instagram.com/anurag_anand0412?igshid=bdxg61abrcoe,Monty,Live Singers (Commercial),Delhi NCR,9643415285,Quote on Request,https://www.instagram.com/reel/DQlR9K8E0s3/?igsh=dXJxY2FubnFwZ2g5,Akshant Bhuiyar,Live Singers (Commercial),"Haridwar, Uttarakhand",+919084230488,Quote on Request,https://www.instagram.com/fxc.aksh?igsh=MW95cmpid2NjcnNxZg==,Vithal Kurakula,Live Singers (Commercial),"Hyderabad, Telangana",7032835100,Quote on Request,https://www.instagram.com/vithal741?igsh=aDZ2cWc3c2d4YTMz&utm_source=qr,Gajendra,Live Singers (Commercial),"Udaipur, Rajasthan",+917906129492,Quote on Request,https://www.instagram.com/gajendralive_?igsh=MWp1NTcwMG1kMTEydQ==
170,Rupali,9643277169,,TBD,Live Music / Performance,N/A,"25/8/2026, 9:47:10 pm",Anurag anand,Live Singers (Commercial),Delhi NCR,8076069504,Quote on Request,https://instagram.com/anurag_anand0412?igshid=bdxg61abrcoe,Monty,Live Singers (Commercial),Delhi NCR,9643415285,Quote on Request,https://www.instagram.com/reel/DQlR9K8E0s3/?igsh=dXJxY2FubnFwZ2g5,Akshant Bhuiyar,Live Singers (Commercial),"Haridwar, Uttarakhand",+919084230488,Quote on Request,https://www.instagram.com/fxc.aksh?igsh=MW95cmpid2NjcnNxZg==,Vithal Kurakula,Live Singers (Commercial),"Hyderabad, Telangana",7032835100,Quote on Request,https://www.instagram.com/vithal741?igsh=aDZ2cWc3c2d4YTMz&utm_source=qr,Gajendra,Live Singers (Commercial),"Udaipur, Rajasthan",+917906129492,Quote on Request,https://www.instagram.com/gajendralive_?igsh=MWp1NTcwMG1kMTEydQ==
171,Minlun Hangmi,8837253185,,TBD,Live Music / Performance,N/A,"25/8/2026, 11:13:07 pm",Anurag anand,Live Singers (Commercial),Delhi NCR,8076069504,Quote on Request,https://instagram.com/anurag_anand0412?igshid=bdxg61abrcoe,Monty,Live Singers (Commercial),Delhi NCR,9643415285,Quote on Request,https://www.instagram.com/reel/DQlR9K8E0s3/?igsh=dXJxY2FubnFwZ2g5,Akshant Bhuiyar,Live Singers (Commercial),"Haridwar, Uttarakhand",+919084230488,Quote on Request,https://www.instagram.com/fxc.aksh?igsh=MW95cmpid2NjcnNxZg==,Vithal Kurakula,Live Singers (Commercial),"Hyderabad, Telangana",7032835100,Quote on Request,https://www.instagram.com/vithal741?igsh=aDZ2cWc3c2d4YTMz&utm_source=qr,Gajendra,Live Singers (Commercial),"Udaipur, Rajasthan",+917906129492,Quote on Request,https://www.instagram.com/gajendralive_?igsh=MWp1NTcwMG1kMTEydQ==
174,Nanda sharma,9999084729,,TBD,Live Music / Performance,N/A,"26/8/2026, 5:48:04 pm",Anurag anand,Live Singers (Commercial),Delhi NCR,8076069504,Quote on Request,https://instagram.com/anurag_anand0412?igshid=bdxg61abrcoe,Monty,Live Singers (Commercial),Delhi NCR,9643415285,Quote on Request,https://www.instagram.com/reel/DQlR9K8E0s3/?igsh=dXJxY2FubnFwZ2g5,Akshant Bhuiyar,Live Singers (Commercial),"Haridwar, Uttarakhand",+919084230488,Quote on Request,https://www.instagram.com/fxc.aksh?igsh=MW95cmpid2NjcnNxZg==,Vithal Kurakula,Live Singers (Commercial),"Hyderabad, Telangana",7032835100,Quote on Request,https://www.instagram.com/vithal741?igsh=aDZ2cWc3c2d4YTMz&utm_source=qr,Gajendra,Live Singers (Commercial),"Udaipur, Rajasthan",+917906129492,Quote on Request,https://www.instagram.com/gajendralive_?igsh=MWp1NTcwMG1kMTEydQ==
177,Kiran,9810429255,,TBD,Live Music / Performance,N/A,"28/8/2026, 5:02:16 pm",Anurag anand,Live Singers (Commercial),Delhi NCR,8076069504,Quote on Request,https://instagram.com/anurag_anand0412?igshid=bdxg61abrcoe,Monty,Live Singers (Commercial),Delhi NCR,9643415285,Quote on Request,https://www.instagram.com/reel/DQlR9K8E0s3/?igsh=dXJxY2FubnFwZ2g5,Akshant Bhuiyar,Live Singers (Commercial),"Haridwar, Uttarakhand",+919084230488,Quote on Request,https://www.instagram.com/fxc.aksh?igsh=MW95cmpid2NjcnNxZg==,Vithal Kurakula,Live Singers (Commercial),"Hyderabad, Telangana",7032835100,Quote on Request,https://www.instagram.com/vithal741?igsh=aDZ2cWc3c2d4YTMz&utm_source=qr,Gajendra,Live Singers (Commercial),"Udaipur, Rajasthan",+917906129492,Quote on Request,https://www.instagram.com/gajendralive_?igsh=MWp1NTcwMG1kMTEydQ==
178,Amar,9871155533,,TBD,Live Music / Performance,N/A,"28/8/2026, 5:51:18 pm",Anurag anand,Live Singers (Commercial),Delhi NCR,8076069504,Quote on Request,https://instagram.com/anurag_anand0412?igshid=bdxg61abrcoe,Monty,Live Singers (Commercial),Delhi NCR,9643415285,Quote on Request,https://www.instagram.com/reel/DQlR9K8E0s3/?igsh=dXJxY2FubnFwZ2g5,Akshant Bhuiyar,Live Singers (Commercial),"Haridwar, Uttarakhand",+919084230488,Quote on Request,https://www.instagram.com/fxc.aksh?igsh=MW95cmpid2NjcnNxZg==,Vithal Kurakula,Live Singers (Commercial),"Hyderabad, Telangana",7032835100,Quote on Request,https://www.instagram.com/vithal741?igsh=aDZ2cWc3c2d4YTMz&utm_source=qr,Gajendra,Live Singers (Commercial),"Udaipur, Rajasthan",+917906129492,Quote on Request,https://www.instagram.com/gajendralive_?igsh=MWp1NTcwMG1kMTEydQ==
180,Kiran Marwaha,9825004999,,TBD,Live Music / Performance,N/A,"29/8/2026, 12:06:22 pm",Anurag anand,Live Singers (Commercial),Delhi NCR,8076069504,Quote on Request,https://instagram.com/anurag_anand0412?igshid=bdxg61abrcoe,Monty,Live Singers (Commercial),Delhi NCR,9643415285,Quote on Request,https://www.instagram.com/reel/DQlR9K8E0s3/?igsh=dXJxY2FubnFwZ2g5,Akshant Bhuiyar,Live Singers (Commercial),"Haridwar, Uttarakhand",+919084230488,Quote on Request,https://www.instagram.com/fxc.aksh?igsh=MW95cmpid2NjcnNxZg==,Vithal Kurakula,Live Singers (Commercial),"Hyderabad, Telangana",7032835100,Quote on Request,https://www.instagram.com/vithal741?igsh=aDZ2cWc3c2d4YTMz&utm_source=qr,Gajendra,Live Singers (Commercial),"Udaipur, Rajasthan",+917906129492,Quote on Request,https://www.instagram.com/gajendralive_?igsh=MWp1NTcwMG1kMTEydQ==
196,Priyan,7428719733,,TBD,Live Music / Performance,N/A,"30/8/2026, 7:31:13 pm",Anurag anand,Live Singers (Commercial),Delhi NCR,8076069504,Quote on Request,https://instagram.com/anurag_anand0412?igshid=bdxg61abrcoe,Monty,Live Singers (Commercial),Delhi NCR,9643415285,Quote on Request,https://www.instagram.com/reel/DQlR9K8E0s3/?igsh=dXJxY2FubnFwZ2g5,Akshant Bhuiyar,Live Singers (Commercial),"Haridwar, Uttarakhand",+919084230488,Quote on Request,https://www.instagram.com/fxc.aksh?igsh=MW95cmpid2NjcnNxZg==,Vithal Kurakula,Live Singers (Commercial),"Hyderabad, Telangana",7032835100,Quote on Request,https://www.instagram.com/vithal741?igsh=aDZ2cWc3c2d4YTMz&utm_source=qr,Gajendra,Live Singers (Commercial),"Udaipur, Rajasthan",+917906129492,Quote on Request,https://www.instagram.com/gajendralive_?igsh=MWp1NTcwMG1kMTEydQ==
220,Shaila,9899634242,,TBD,Live Music / Performance,N/A,"2/9/2026, 7:47:10 am",Anurag anand,Live Singers (Commercial),Delhi NCR,8076069504,Quote on Request,https://instagram.com/anurag_anand0412?igshid=bdxg61abrcoe,Monty,Live Singers (Commercial),Delhi NCR,9643415285,Quote on Request,https://www.instagram.com/reel/DQlR9K8E0s3/?igsh=dXJxY2FubnFwZ2g5,Akshant Bhuiyar,Live Singers (Commercial),"Haridwar, Uttarakhand",+919084230488,Quote on Request,https://www.instagram.com/fxc.aksh?igsh=MW95cmpid2NjcnNxZg==,Vithal Kurakula,Live Singers (Commercial),"Hyderabad, Telangana",7032835100,Quote on Request,https://www.instagram.com/vithal741?igsh=aDZ2cWc3c2d4YTMz&utm_source=qr,Gajendra,Live Singers (Commercial),"Udaipur, Rajasthan",+917906129492,Quote on Request,https://www.instagram.com/gajendralive_?igsh=MWp1NTcwMG1kMTEydQ==
223,Gaurav Roy,7002276614,,TBD,Live Music / Performance,N/A,"2/9/2026, 11:07:05 pm",Anurag anand,Live Singers (Commercial),Delhi NCR,8076069504,Quote on Request,https://instagram.com/anurag_anand0412?igshid=bdxg61abrcoe,Monty,Live Singers (Commercial),Delhi NCR,9643415285,Quote on Request,https://www.instagram.com/reel/DQlR9K8E0s3/?igsh=dXJxY2FubnFwZ2g5,Akshant Bhuiyar,Live Singers (Commercial),"Haridwar, Uttarakhand",+919084230488,Quote on Request,https://www.instagram.com/fxc.aksh?igsh=MW95cmpid2NjcnNxZg==,Vithal Kurakula,Live Singers (Commercial),"Hyderabad, Telangana",7032835100,Quote on Request,https://www.instagram.com/vithal741?igsh=aDZ2cWc3c2d4YTMz&utm_source=qr,Gajendra,Live Singers (Commercial),"Udaipur, Rajasthan",+917906129492,Quote on Request,https://www.instagram.com/gajendralive_?igsh=MWp1NTcwMG1kMTEydQ==
227,Priyaanshu Jorra,+917710876109,,TBD,Live Music / Performance,N/A,"4/9/2026, 7:41:25 pm",Anurag anand,Live Singers (Commercial),Delhi NCR,8076069504,Quote on Request,https://instagram.com/anurag_anand0412?igshid=bdxg61abrcoe,Monty,Live Singers (Commercial),Delhi NCR,9643415285,Quote on Request,https://www.instagram.com/reel/DQlR9K8E0s3/?igsh=dXJxY2FubnFwZ2g5,Akshant Bhuiyar,Live Singers (Commercial),"Haridwar, Uttarakhand",+919084230488,Quote on Request,https://www.instagram.com/fxc.aksh?igsh=MW95cmpid2NjcnNxZg==,Vithal Kurakula,Live Singers (Commercial),"Hyderabad, Telangana",7032835100,Quote on Request,https://www.instagram.com/vithal741?igsh=aDZ2cWc3c2d4YTMz&utm_source=qr,Gajendra,Live Singers (Commercial),"Udaipur, Rajasthan",+917906129492,Quote on Request,https://www.instagram.com/gajendralive_?igsh=MWp1NTcwMG1kMTEydQ==
228,Sudhasharma,9811193079,,TBD,Live Music / Performance,N/A,"5/9/2026, 5:43:14 am",Anurag anand,Live Singers (Commercial),Delhi NCR,8076069504,Quote on Request,https://instagram.com/anurag_anand0412?igshid=bdxg61abrcoe,Monty,Live Singers (Commercial),Delhi NCR,9643415285,Quote on Request,https://www.instagram.com/reel/DQlR9K8E0s3/?igsh=dXJxY2FubnFwZ2g5,Akshant Bhuiyar,Live Singers (Commercial),"Haridwar, Uttarakhand",+919084230488,Quote on Request,https://www.instagram.com/fxc.aksh?igsh=MW95cmpid2NjcnNxZg==,Vithal Kurakula,Live Singers (Commercial),"Hyderabad, Telangana",7032835100,Quote on Request,https://www.instagram.com/vithal741?igsh=aDZ2cWc3c2d4YTMz&utm_source=qr,Gajendra,Live Singers (Commercial),"Udaipur, Rajasthan",+917906129492,Quote on Request,https://www.instagram.com/gajendralive_?igsh=MWp1NTcwMG1kMTEydQ==
231,Ashish,9599862858,,TBD,Live Music / Performance,N/A,"6/9/2026, 3:27:05 pm",Anurag anand,Live Singers (Commercial),Delhi NCR,8076069504,Quote on Request,https://instagram.com/anurag_anand0412?igshid=bdxg61abrcoe,Monty,Live Singers (Commercial),Delhi NCR,9643415285,Quote on Request,https://www.instagram.com/reel/DQlR9K8E0s3/?igsh=dXJxY2FubnFwZ2g5,Akshant Bhuiyar,Live Singers (Commercial),"Haridwar, Uttarakhand",+919084230488,Quote on Request,https://www.instagram.com/fxc.aksh?igsh=MW95cmpid2NjcnNxZg==,Vithal Kurakula,Live Singers (Commercial),"Hyderabad, Telangana",7032835100,Quote on Request,https://www.instagram.com/vithal741?igsh=aDZ2cWc3c2d4YTMz&utm_source=qr,Gajendra,Live Singers (Commercial),"Udaipur, Rajasthan",+917906129492,Quote on Request,https://www.instagram.com/gajendralive_?igsh=MWp1NTcwMG1kMTEydQ==
232,Sushil,9307755841,,TBD,Live Music / Performance,N/A,"6/9/2026, 4:36:05 pm",Anurag anand,Live Singers (Commercial),Delhi NCR,8076069504,Quote on Request,https://instagram.com/anurag_anand0412?igshid=bdxg61abrcoe,Monty,Live Singers (Commercial),Delhi NCR,9643415285,Quote on Request,https://www.instagram.com/reel/DQlR9K8E0s3/?igsh=dXJxY2FubnFwZ2g5,Akshant Bhuiyar,Live Singers (Commercial),"Haridwar, Uttarakhand",+919084230488,Quote on Request,https://www.instagram.com/fxc.aksh?igsh=MW95cmpid2NjcnNxZg==,Vithal Kurakula,Live Singers (Commercial),"Hyderabad, Telangana",7032835100,Quote on Request,https://www.instagram.com/vithal741?igsh=aDZ2cWc3c2d4YTMz&utm_source=qr,Gajendra,Live Singers (Commercial),"Udaipur, Rajasthan",+917906129492,Quote on Request,https://www.instagram.com/gajendralive_?igsh=MWp1NTcwMG1kMTEydQ==
233,Navin,8826832943,,TBD,Live Music / Performance,N/A,"6/9/2026, 10:56:00 pm",Anurag anand,Live Singers (Commercial),Delhi NCR,8076069504,Quote on Request,https://instagram.com/anurag_anand0412?igshid=bdxg61abrcoe,Monty,Live Singers (Commercial),Delhi NCR,9643415285,Quote on Request,https://www.instagram.com/reel/DQlR9K8E0s3/?igsh=dXJxY2FubnFwZ2g5,Akshant Bhuiyar,Live Singers (Commercial),"Haridwar, Uttarakhand",+919084230488,Quote on Request,https://www.instagram.com/fxc.aksh?igsh=MW95cmpid2NjcnNxZg==,Vithal Kurakula,Live Singers (Commercial),"Hyderabad, Telangana",7032835100,Quote on Request,https://www.instagram.com/vithal741?igsh=aDZ2cWc3c2d4YTMz&utm_source=qr,Gajendra,Live Singers (Commercial),"Udaipur, Rajasthan",+917906129492,Quote on Request,https://www.instagram.com/gajendralive_?igsh=MWp1NTcwMG1kMTEydQ==
234,Nandita,9810959149,,TBD,Live Music / Performance,N/A,"7/9/2026, 9:26:45 am",Anurag anand,Live Singers (Commercial),Delhi NCR,8076069504,Quote on Request,https://instagram.com/anurag_anand0412?igshid=bdxg61abrcoe,Monty,Live Singers (Commercial),Delhi NCR,9643415285,Quote on Request,https://www.instagram.com/reel/DQlR9K8E0s3/?igsh=dXJxY2FubnFwZ2g5,Akshant Bhuiyar,Live Singers (Commercial),"Haridwar, Uttarakhand",+919084230488,Quote on Request,https://www.instagram.com/fxc.aksh?igsh=MW95cmpid2NjcnNxZg==,Vithal Kurakula,Live Singers (Commercial),"Hyderabad, Telangana",7032835100,Quote on Request,https://www.instagram.com/vithal741?igsh=aDZ2cWc3c2d4YTMz&utm_source=qr,Gajendra,Live Singers (Commercial),"Udaipur, Rajasthan",+917906129492,Quote on Request,https://www.instagram.com/gajendralive_?igsh=MWp1NTcwMG1kMTEydQ==
251,Ravi,8800978912,,TBD,Live Music / Performance,N/A,"8/9/2026, 9:02:19 pm",Anurag anand,Live Singers (Commercial),Delhi NCR,8076069504,Quote on Request,https://instagram.com/anurag_anand0412?igshid=bdxg61abrcoe,Monty,Live Singers (Commercial),Delhi NCR,9643415285,Quote on Request,https://www.instagram.com/reel/DQlR9K8E0s3/?igsh=dXJxY2FubnFwZ2g5,Akshant Bhuiyar,Live Singers (Commercial),"Haridwar, Uttarakhand",+919084230488,Quote on Request,https://www.instagram.com/fxc.aksh?igsh=MW95cmpid2NjcnNxZg==,Vithal Kurakula,Live Singers (Commercial),"Hyderabad, Telangana",7032835100,Quote on Request,https://www.instagram.com/vithal741?igsh=aDZ2cWc3c2d4YTMz&utm_source=qr,Gajendra,Live Singers (Commercial),"Udaipur, Rajasthan",+917906129492,Quote on Request,https://www.instagram.com/gajendralive_?igsh=MWp1NTcwMG1kMTEydQ==
253,Adarsh Tiwari,8810564735,,TBD,Live Music / Performance,N/A,"9/9/2026, 10:21:22 pm",Anurag anand,Live Singers (Commercial),Delhi NCR,8076069504,Quote on Request,https://instagram.com/anurag_anand0412?igshid=bdxg61abrcoe,Monty,Live Singers (Commercial),Delhi NCR,9643415285,Quote on Request,https://www.instagram.com/reel/DQlR9K8E0s3/?igsh=dXJxY2FubnFwZ2g5,Akshant Bhuiyar,Live Singers (Commercial),"Haridwar, Uttarakhand",+919084230488,Quote on Request,https://www.instagram.com/fxc.aksh?igsh=MW95cmpid2NjcnNxZg==,Vithal Kurakula,Live Singers (Commercial),"Hyderabad, Telangana",7032835100,Quote on Request,https://www.instagram.com/vithal741?igsh=aDZ2cWc3c2d4YTMz&utm_source=qr,Gajendra,Live Singers (Commercial),"Udaipur, Rajasthan",+917906129492,Quote on Request,https://www.instagram.com/gajendralive_?igsh=MWp1NTcwMG1kMTEydQ==
254,Abhinash Bhatt,7983457479,,TBD,Live Music / Performance,N/A,"10/9/2026, 12:29:18 am",Anurag anand,Live Singers (Commercial),Delhi NCR,8076069504,Quote on Request,https://instagram.com/anurag_anand0412?igshid=bdxg61abrcoe,Monty,Live Singers (Commercial),Delhi NCR,9643415285,Quote on Request,https://www.instagram.com/reel/DQlR9K8E0s3/?igsh=dXJxY2FubnFwZ2g5,Akshant Bhuiyar,Live Singers (Commercial),"Haridwar, Uttarakhand",+919084230488,Quote on Request,https://www.instagram.com/fxc.aksh?igsh=MW95cmpid2NjcnNxZg==,Vithal Kurakula,Live Singers (Commercial),"Hyderabad, Telangana",7032835100,Quote on Request,https://www.instagram.com/vithal741?igsh=aDZ2cWc3c2d4YTMz&utm_source=qr,Gajendra,Live Singers (Commercial),"Udaipur, Rajasthan",+917906129492,Quote on Request,https://www.instagram.com/gajendralive_?igsh=MWp1NTcwMG1kMTEydQ==
255,manish,7982009067,,TBD,Live Music / Performance,N/A,"10/9/2026, 9:40:30 am",Anurag anand,Live Singers (Commercial),Delhi NCR,8076069504,Quote on Request,https://instagram.com/anurag_anand0412?igshid=bdxg61abrcoe,Monty,Live Singers (Commercial),Delhi NCR,9643415285,Quote on Request,https://www.instagram.com/reel/DQlR9K8E0s3/?igsh=dXJxY2FubnFwZ2g5,Akshant Bhuiyar,Live Singers (Commercial),"Haridwar, Uttarakhand",+919084230488,Quote on Request,https://www.instagram.com/fxc.aksh?igsh=MW95cmpid2NjcnNxZg==,Vithal Kurakula,Live Singers (Commercial),"Hyderabad, Telangana",7032835100,Quote on Request,https://www.instagram.com/vithal741?igsh=aDZ2cWc3c2d4YTMz&utm_source=qr,Gajendra,Live Singers (Commercial),"Udaipur, Rajasthan",+917906129492,Quote on Request,https://www.instagram.com/gajendralive_?igsh=MWp1NTcwMG1kMTEydQ==
256,Rohit,8630087769,,TBD,Live Music / Performance,N/A,"10/9/2026, 3:18:26 pm",Anurag anand,Live Singers (Commercial),Delhi NCR,8076069504,Quote on Request,https://instagram.com/anurag_anand0412?igshid=bdxg61abrcoe,Monty,Live Singers (Commercial),Delhi NCR,9643415285,Quote on Request,https://www.instagram.com/reel/DQlR9K8E0s3/?igsh=dXJxY2FubnFwZ2g5,Akshant Bhuiyar,Live Singers (Commercial),"Haridwar, Uttarakhand",+919084230488,Quote on Request,https://www.instagram.com/fxc.aksh?igsh=MW95cmpid2NjcnNxZg==,Vithal Kurakula,Live Singers (Commercial),"Hyderabad, Telangana",7032835100,Quote on Request,https://www.instagram.com/vithal741?igsh=aDZ2cWc3c2d4YTMz&utm_source=qr,Gajendra,Live Singers (Commercial),"Udaipur, Rajasthan",+917906129492,Quote on Request,https://www.instagram.com/gajendralive_?igsh=MWp1NTcwMG1kMTEydQ==
258,Shubam Beri,9810717613,,TBD,Live Music / Performance,N/A,"12/9/2026, 9:37:08 am",Anurag anand,Live Singers (Commercial),Delhi NCR,8076069504,Quote on Request,https://instagram.com/anurag_anand0412?igshid=bdxg61abrcoe,Monty,Live Singers (Commercial),Delhi NCR,9643415285,Quote on Request,https://www.instagram.com/reel/DQlR9K8E0s3/?igsh=dXJxY2FubnFwZ2g5,Akshant Bhuiyar,Live Singers (Commercial),"Haridwar, Uttarakhand",+919084230488,Quote on Request,https://www.instagram.com/fxc.aksh?igsh=MW95cmpid2NjcnNxZg==,Vithal Kurakula,Live Singers (Commercial),"Hyderabad, Telangana",7032835100,Quote on Request,https://www.instagram.com/vithal741?igsh=aDZ2cWc3c2d4YTMz&utm_source=qr,Gajendra,Live Singers (Commercial),"Udaipur, Rajasthan",+917906129492,Quote on Request,https://www.instagram.com/gajendralive_?igsh=MWp1NTcwMG1kMTEydQ==
259,Preeti,7982200760,,TBD,Live Music / Performance,N/A,"13/9/2026, 9:30:15 pm",Anurag anand,Live Singers (Commercial),Delhi NCR,8076069504,Quote on Request,https://instagram.com/anurag_anand0412?igshid=bdxg61abrcoe,Monty,Live Singers (Commercial),Delhi NCR,9643415285,Quote on Request,https://www.instagram.com/reel/DQlR9K8E0s3/?igsh=dXJxY2FubnFwZ2g5,Akshant Bhuiyar,Live Singers (Commercial),"Haridwar, Uttarakhand",+919084230488,Quote on Request,https://www.instagram.com/fxc.aksh?igsh=MW95cmpid2NjcnNxZg==,Vithal Kurakula,Live Singers (Commercial),"Hyderabad, Telangana",7032835100,Quote on Request,https://www.instagram.com/vithal741?igsh=aDZ2cWc3c2d4YTMz&utm_source=qr,Gajendra,Live Singers (Commercial),"Udaipur, Rajasthan",+917906129492,Quote on Request,https://www.instagram.com/gajendralive_?igsh=MWp1NTcwMG1kMTEydQ==
260,Gunjan,7696988819,,TBD,Live Music / Performance,N/A,"13/9/2026, 10:02:40 pm",Anurag anand,Live Singers (Commercial),Delhi NCR,8076069504,Quote on Request,https://instagram.com/anurag_anand0412?igshid=bdxg61abrcoe,Monty,Live Singers (Commercial),Delhi NCR,9643415285,Quote on Request,https://www.instagram.com/reel/DQlR9K8E0s3/?igsh=dXJxY2FubnFwZ2g5,Akshant Bhuiyar,Live Singers (Commercial),"Haridwar, Uttarakhand",+919084230488,Quote on Request,https://www.instagram.com/fxc.aksh?igsh=MW95cmpid2NjcnNxZg==,Vithal Kurakula,Live Singers (Commercial),"Hyderabad, Telangana",7032835100,Quote on Request,https://www.instagram.com/vithal741?igsh=aDZ2cWc3c2d4YTMz&utm_source=qr,Gajendra,Live Singers (Commercial),"Udaipur, Rajasthan",+917906129492,Quote on Request,https://www.instagram.com/gajendralive_?igsh=MWp1NTcwMG1kMTEydQ==
261,Nitinesh,9810036049,,TBD,Live Music / Performance,N/A,"14/9/2026, 11:29:38 am",Anurag anand,Live Singers (Commercial),Delhi NCR,8076069504,Quote on Request,https://instagram.com/anurag_anand0412?igshid=bdxg61abrcoe,Monty,Live Singers (Commercial),Delhi NCR,9643415285,Quote on Request,https://www.instagram.com/reel/DQlR9K8E0s3/?igsh=dXJxY2FubnFwZ2g5,Akshant Bhuiyar,Live Singers (Commercial),"Haridwar, Uttarakhand",+919084230488,Quote on Request,https://www.instagram.com/fxc.aksh?igsh=MW95cmpid2NjcnNxZg==,Vithal Kurakula,Live Singers (Commercial),"Hyderabad, Telangana",7032835100,Quote on Request,https://www.instagram.com/vithal741?igsh=aDZ2cWc3c2d4YTMz&utm_source=qr,Gajendra,Live Singers (Commercial),"Udaipur, Rajasthan",+917906129492,Quote on Request,https://www.instagram.com/gajendralive_?igsh=MWp1NTcwMG1kMTEydQ==
262,Nimisha,9957022959,nimisha@firefoxproductions.in,Guwahati,Corporate,80000.0,"15/9/2026, 1:13:53 pm",ADITYA,DJs & VDJs,Delhi NCR,9318344059,Quote on Request,https://www.instagram.com/vdj_aadi?igsh=NzFxMGZrMWVveDBy&utm_source=qr,Anurag anand,Live Singers (Commercial),Delhi NCR,8076069504,Quote on Request,https://instagram.com/anurag_anand0412?igshid=bdxg61abrcoe,KARAN RAWAT LIVE,DJs & VDJs,Delhi NCR,9310036977,Quote on Request,https://www.instagram.com/karanrawatlive?igsh=bjJ5cXZienNkdjFy,Monty,Live Singers (Commercial),Delhi NCR,9643415285,Quote on Request,https://www.instagram.com/reel/DQlR9K8E0s3/?igsh=dXJxY2FubnFwZ2g5,Shubham,DJs & VDJs,Delhi NCR,8700750566,Quote on Request,https://www.instagram.com/djxubam?igsh=bXRrN2FuYmhxc21k
266,Mallikarjun Chairman,9113548129,mallikarjunchairman@gmail.com,Gabbaru raichur,Wedding,10000.0,"17/9/2026, 11:07:56 am",Anurag anand,Live Singers (Commercial),Delhi NCR,8076069504,Quote on Request,https://instagram.com/anurag_anand0412?igshid=bdxg61abrcoe,Monty,Live Singers (Commercial),Delhi NCR,9643415285,Quote on Request,https://www.instagram.com/reel/DQlR9K8E0s3/?igsh=dXJxY2FubnFwZ2g5,Akshant Bhuiyar,Live Singers (Commercial),"Haridwar, Uttarakhand",+919084230488,Quote on Request,https://www.instagram.com/fxc.aksh?igsh=MW95cmpid2NjcnNxZg==,Vithal Kurakula,Live Singers (Commercial),"Hyderabad, Telangana",7032835100,Quote on Request,https://www.instagram.com/vithal741?igsh=aDZ2cWc3c2d4YTMz&utm_source=qr,Neon Tramlines,Live Bands & Groups,"Kolkata, West Bengal",7980954731,Quote on Request,https://www.instagram.com/neontramlines?igsh=MW80MW85bHdneGIzMQ==
267,Kapur,9910643258,,TBD,Live Music / Performance,N/A,"18/9/2026, 10:33:30 pm",Anurag anand,Live Singers (Commercial),Delhi NCR,8076069504,Quote on Request,https://instagram.com/anurag_anand0412?igshid=bdxg61abrcoe,Monty,Live Singers (Commercial),Delhi NCR,9643415285,Quote on Request,https://www.instagram.com/reel/DQlR9K8E0s3/?igsh=dXJxY2FubnFwZ2g5,Akshant Bhuiyar,Live Singers (Commercial),"Haridwar, Uttarakhand",+919084230488,Quote on Request,https://www.instagram.com/fxc.aksh?igsh=MW95cmpid2NjcnNxZg==,Vithal Kurakula,Live Singers (Commercial),"Hyderabad, Telangana",7032835100,Quote on Request,https://www.instagram.com/vithal741?igsh=aDZ2cWc3c2d4YTMz&utm_source=qr,Gajendra,Live Singers (Commercial),"Udaipur, Rajasthan",+917906129492,Quote on Request,https://www.instagram.com/gajendralive_?igsh=MWp1NTcwMG1kMTEydQ==
270,Rahul Verma,+919876543210,,"Muzaffarnagar, Uttar Pradesh, India",Live Music / Performance,N/A,"24/9/2026, 11:59:37 pm",Saif Khan,Sufi Singers & Bands,Lucknow / Uttar Pradesh,+91 7905263502,Quote on Request,https://www.instagram.com/saifkhan.live?igsi=eXBvbmo4NjV4ZnV0,Akshant Bhuiyar,Live Singers (Commercial),"Haridwar, Uttarakhand",+919084230488,Quote on Request,https://www.instagram.com/fxc.aksh?igsh=MW95cmpid2NjcnNxZg==,DJ SHUB,DJs & VDJs,"Dehradun, Uttarakhand",9557751557,Budget-Friendly / On Request,https://www.instagram.com/dj.shub1?igsh=ZXR3dzhjdjdkcG9l,Chitranshu Srivastava,Sufi Singers & Bands,Madhya Pradesh (Indore/Gwalior),8770972538,Quote on Request,https://www.instagram.com/chitranshu_srivastava?igsh=MXJsNTZqcTY1ZDhpcA%3D%3D&utm_source=qr&wa_status_inline=true,Anurag anand,Live Singers (Commercial),Delhi NCR,8076069504,Quote on Request,https://instagram.com/anurag_anand0412?igshid=bdxg61abrcoe
280,Amit mittal,7906070600,,"Saharanpur, Uttar Pradesh, India (IP-based)",Live Music / Performance,N/A,"24/9/2026, 11:12:07 pm",Saif Khan,Sufi Singers & Bands,Lucknow / Uttar Pradesh,+91 7905263502,Quote on Request,https://www.instagram.com/saifkhan.live?igsi=eXBvbmo4NjV4ZnV0,Akshant Bhuiyar,Live Singers (Commercial),"Haridwar, Uttarakhand",+919084230488,Quote on Request,https://www.instagram.com/fxc.aksh?igsh=MW95cmpid2NjcnNxZg==,DJ SHUB,DJs & VDJs,"Dehradun, Uttarakhand",9557751557,Budget-Friendly / On Request,https://www.instagram.com/dj.shub1?igsh=ZXR3dzhjdjdkcG9l,Chitranshu Srivastava,Sufi Singers & Bands,Madhya Pradesh (Indore/Gwalior),8770972538,Quote on Request,https://www.instagram.com/chitranshu_srivastava?igsh=MXJsNTZqcTY1ZDhpcA%3D%3D&utm_source=qr&wa_status_inline=true,Anurag anand,Live Singers (Commercial),Delhi NCR,8076069504,Quote on Request,https://instagram.com/anurag_anand0412?igshid=bdxg61abrcoe
288,Swaran,9992690193,,"Ludhiana, Punjab, India (IP-based)",Live Music / Performance,N/A,"26/9/2026, 12:47:39 pm",Surmandeep Singh,Sufi Singers & Bands,Punjab / Chandigarh,8264124307,Quote on Request,https://www.instagram.com/surman_sings?igsh=MWZibXp3d3RsaDRldA==,Jaadi,Live Singers (Commercial),Pan India (Available on Request),7814019655,Quote on Request,https://www.instagram.com/jaadivillasra?igsh=dGN3OHJxaWY3Z3kw&utm_source=qr,Mirza Yaar,Live Singers (Commercial),Pan India (Available on Request),9416880074,Quote on Request,https://www.instagram.com/_mirzayaar_?stkn=YmczczliY2Zvc3Rn&utm_source=qr,JD Siingh,Live Singers (Commercial),Pan India (Available on Request),9186065646,Quote on Request,https://youtu.be/KI_JnZ-7Lyo?si=yEcdBLgK3UXqkezp,Kabir Biswal,Sufi Singers & Bands,Pan India (Available on Request),+917061934100,Quote on Request,https://www.instagram.com/kabirrr01?igsh=emM5czcyem9ienNs&igsi=emM5czcyem9ienNs&utm_source=qr
289,Samriddhi Srivastava,8989430277,srivastava.samriddhi2@gmail.com,Jabalpur,Private,10000.0,"26/9/2026, 6:14:06 pm",Rohit joshi,Home & Acoustic Singers,Pan India (Available on Request),9368474825,Quote on Request,https://www.instagram.com/rohitsings__/?hl=en,Dj Robin,DJs & VDJs,"Ahmedabad, Gujarat",8128569146,Quote on Request,https://www.instagram.com/djrobinindia?igsh=bG0yeDZ2OWpxcTlq&utm_source=qr,DJ SHUB,DJs & VDJs,"Dehradun, Uttarakhand",9557751557,Budget-Friendly / On Request,https://www.instagram.com/dj.shub1?igsh=ZXR3dzhjdjdkcG9l,ADITYA,DJs & VDJs,Delhi NCR,9318344059,Quote on Request,https://www.instagram.com/vdj_aadi?igsh=NzFxMGZrMWVveDBy&utm_source=qr,Anurag anand,Live Singers (Commercial),Delhi NCR,8076069504,Quote on Request,https://instagram.com/anurag_anand0412?igshid=bdxg61abrcoe
293,waquar ahmed,7978604847,,"Bhubaneswar, Odisha, India",Wedding / Reception,5000.0,"28/9/2026, 3:03:52 pm",Anurag anand,Live Singers (Commercial),Delhi NCR,8076069504,Quote on Request,https://instagram.com/anurag_anand0412?igshid=bdxg61abrcoe,Akshant Bhuiyar,Live Singers (Commercial),"Haridwar, Uttarakhand",+919084230488,Quote on Request,https://www.instagram.com/fxc.aksh?igsh=MW95cmpid2NjcnNxZg==,Jayant dabla,Live Bands & Groups,North India (Touring),8440909844,Quote on Request,https://www.instagram.com/jayanth_live?igsh=aWdzZGliMnllYXc0,Kashish guglani,Live Singers (Commercial),Pan India / Worldwide,8950548863,Quote on Request,https://www.instagram.com/kashishguglanilive?igsh=MTEzODVqeDg5ZWVvcw==,Parleen Gill,Live Singers (Commercial),Pan India / Worldwide,9158243974,Quote on Request,https://www.instagram.com/parleen.gill?igsh=MXh5Y2ZxcHdmaHlhZw==
294,Event Host,8218815616,,"Mumbai, Maharashtra, India",Private House Party,5000.0,"28/9/2026, 8:30:08 pm",Ankur Rawat,Home & Acoustic Singers,"Mumbai, Maharashtra",8467918040,Quote on Request,https://drive.google.com/drive/folders/15GC9xlhuz4tb2X482QhsVcKc6pfpA582,Mihir Kallianpur,Magicians & Mentalists,"Mumbai, Maharashtra",97404 47370,Quote on Request,https://www.instagram.com/p/CysW_1zo8lz/?igsh=bHA0ZjJ6aHZub3I1,dharmik chudasama,Sufi Singers & Bands,"Mumbai, Maharashtra",9265327685,Quote on Request,https://www.instagram.com/dharmixioo/,Arvind A,Home & Acoustic Singers,"Navi Mumbai, Maharashtra",9840517838,Quote on Request,https://www.instagram.com/paithankararvind_musical?igsh=MXEyMWcwMzhhaTdrdg==,KABIR,Sufi Singers & Bands,"Mumbai, Maharashtra",+918692898694,Quote on Request,https://www.instagram.com/kabirkollective?igsh=MTlkem14aGZzaWg3cQ==
295,Event Host,8104145512,,"Mumbai, Maharashtra, India",Ghazal / Sufi Mehfil,5000.0,"28/9/2026, 10:44:43 pm",dharmik chudasama,Sufi Singers & Bands,"Mumbai, Maharashtra",9265327685,Quote on Request,https://www.instagram.com/dharmixioo/,Ankur Rawat,Home & Acoustic Singers,"Mumbai, Maharashtra",8467918040,Quote on Request,https://drive.google.com/drive/folders/15GC9xlhuz4tb2X482QhsVcKc6pfpA582,KABIR,Sufi Singers & Bands,"Mumbai, Maharashtra",+918692898694,Quote on Request,https://www.instagram.com/kabirkollective?igsh=MTlkem14aGZzaWg3cQ==,Arvind A,Home & Acoustic Singers,"Navi Mumbai, Maharashtra",9840517838,Quote on Request,https://www.instagram.com/paithankararvind_musical?igsh=MXEyMWcwMzhhaTdrdg==,Mihir Kallianpur,Magicians & Mentalists,"Mumbai, Maharashtra",97404 47370,Quote on Request,https://www.instagram.com/p/CysW_1zo8lz/?igsh=bHA0ZjJ6aHZub3I1
296,Harsh Patil,8104145512,haarsh0030@gmail.com,Mumbai,Private,10000.0,"28/9/2026, 10:46:15 pm",Arvind A,Home & Acoustic Singers,"Navi Mumbai, Maharashtra",9840517838,Quote on Request,https://www.instagram.com/paithankararvind_musical?igsh=MXEyMWcwMzhhaTdrdg==,Ankur Rawat,Home & Acoustic Singers,"Mumbai, Maharashtra",8467918040,Quote on Request,https://drive.google.com/drive/folders/15GC9xlhuz4tb2X482QhsVcKc6pfpA582,KABIR,Sufi Singers & Bands,"Mumbai, Maharashtra",+918692898694,Quote on Request,https://www.instagram.com/kabirkollective?igsh=MTlkem14aGZzaWg3cQ==,Mihir Kallianpur,Magicians & Mentalists,"Mumbai, Maharashtra",97404 47370,Quote on Request,https://www.instagram.com/p/CysW_1zo8lz/?igsh=bHA0ZjJ6aHZub3I1,Nikhil,Rappers & Beatboxers,"Mumbai, Maharashtra",7900116131,Quote on Request,https://www.instagram.com/who_got_that_dope?igsh=MXJ1cGF4ZWV2Y3QxOA==
300,Event Host,9920047387,,"Mumbai, Maharashtra, India",Classic Ghazal & Sufi Trio Booking,5000.0,"1/10/2026, 11:49:31 am",dharmik chudasama,Sufi Singers & Bands,"Mumbai, Maharashtra",9265327685,Quote on Request,https://www.instagram.com/dharmixioo/,Ankur Rawat,Home & Acoustic Singers,"Mumbai, Maharashtra",8467918040,Quote on Request,https://drive.google.com/drive/folders/15GC9xlhuz4tb2X482QhsVcKc6pfpA582,KABIR,Sufi Singers & Bands,"Mumbai, Maharashtra",+918692898694,Quote on Request,https://www.instagram.com/kabirkollective?igsh=MTlkem14aGZzaWg3cQ==,Arvind A,Home & Acoustic Singers,"Navi Mumbai, Maharashtra",9840517838,Quote on Request,https://www.instagram.com/paithankararvind_musical?igsh=MXEyMWcwMzhhaTdrdg==,Mihir Kallianpur,Magicians & Mentalists,"Mumbai, Maharashtra",97404 47370,Quote on Request,https://www.instagram.com/p/CysW_1zo8lz/?igsh=bHA0ZjJ6aHZub3I1
