S.No,Artist Name,Category,Specialization / Sub-Category,Location / Base City,Price / Performance Fee,Phone,Email,Portfolio / Social Link,Bio / Description,Status,Registration Date
1,Dj Robin,DJs & VDJs,Club & Event DJ (Open Format / Bollywood / EDM),"Ahmedabad, Gujarat",Quote on Request,8128569146,waghelaprakash32@gmail.com,https://www.instagram.com/djrobinindia?igsh=bG0yeDZ2OWpxcTlq&utm_source=qr,"**DJ ROBIN INDIA** is a professional DJ based in Ahmedabad with over **7 years of experience** in the music and entertainment industry. As the **Resident DJ at Encore Club, Ahmedabad** for the past **2.5 years**, he has also performed at renowned venues including **Lil Heaven Club, Spirit of Soul, Fire & Flames, and Club Babylon**.",Pending,"13/7/2026, 2:34:46 am"
2,Aviraj,DJs & VDJs,Club & Event DJ (Open Format / Bollywood / EDM),"Bengaluru, Karnataka",Quote on Request,7411466691,avirajkhalkho21@gmail.com,https://drive.google.com/drive/folders/1UOZmgG4iiC3UPjqpC9y83OkpD0zcT71r,"I am Bangalore based open format dj , I am in night life from past 9 years.",Pending,"8/7/2026, 4:54:24 pm"
3,DJ SHUB,DJs & VDJs,Club & Event DJ (Open Format / Bollywood / EDM),"Dehradun, Uttarakhand",Budget-Friendly / On Request,9557751557,djshub79@gmail.com,https://www.instagram.com/dj.shub1?igsh=ZXR3dzhjdjdkcG9l,"DJ Shub is a Dehradun-based DJ service with more than 10 years of experience. The staff, one of the best professional DJ services in India, is dedicated to offering first-rate DJ service at reasonable costs. DJ Shub is renowned for his innate ability to sense the mood of the crowd and choose music that fits. Whether it's a wedding celebration, an engagement party, or a cocktail party, he has the perfect music collection to make any event memorable. A well-known DJ with a reputation for captivating guests at wedding receptions with his fantastic music is DJ Shub.",Pending,"12/7/2026, 10:17:59 am"
4,ADITYA,DJs & VDJs,VDJ (Visual DJ) & Electronic Artist,Delhi NCR,Quote on Request,9318344059,adityaaditya85569@gmail.com,https://www.instagram.com/vdj_aadi?igsh=NzFxMGZrMWVveDBy&utm_source=qr,I AM A DJ ARTIST BELONGS TO DELHI I DO FREE LANCING,Pending,"12/7/2026, 11:36:44 pm"
5,KARAN RAWAT LIVE,DJs & VDJs,Club & Event DJ (Open Format / Bollywood / EDM),Delhi NCR,Quote on Request,9310036977,karanrwtlive@gmail.com,https://www.instagram.com/karanrawatlive?igsh=bjJ5cXZienNkdjFy,"Karan Rawat Live is a versatile musical act that delivers a genre-fluid experience, specializing in a seamless blend of Bollywood, Indie, Semi-Classical, and Retro music. With over three years of professional touring, the band has performed at prestigious institutions such as IIT Delhi, SRCC, Symbiosis, and MDI Gurgaon, alongside appearances at commercial venues like Mall Fifty One in Gurgaon. Our performances are defined by an adaptable style, ranging from high-energy commercial hits to soulful, artistic renditions, ensuring we perfectly match the atmosphere of any event.",Pending,"8/7/2026, 11:40:51 am"
6,Shubham,DJs & VDJs,Club & Event DJ (Open Format / Bollywood / EDM),Delhi NCR,Quote on Request,8700750566,djxubam@gmail.com,https://www.instagram.com/djxubam?igsh=bXRrN2FuYmhxc21k,"DJ XUBAM is a Bollywood and Open Format DJ from Delhi NCR with over 12 years of experience. Known for high-energy sets, seamless transitions, and crowd-focused performances, he blends Bollywood, Punjabi, Commercial, House, and Retro to create an unforgettable dance floor experience.",Pending,"12/7/2026, 6:16:20 pm"
7,Prince Chaudhari,DJs & VDJs,Club & Event DJ (Open Format / Bollywood / EDM),Goa,Quote on Request,+918788849861,afrorey.music@gmail.com,https://drive.google.com/file/d/1MKlbXVQHS2l7IbHOBDUQUUbXD1Zyz9dt/view?usp=drivesdk,"Am a independent artist/Dj based in goa.My stage name is AfroRey. I play in an open format style Genres are Afro house, bollytech, bollyafro & commercial house music. I worked with luxurious brands in goa like clara, baaree masaya,thalassa Azule & more.",Pending,"9/7/2026, 3:18:23 am"
8,David,DJs & VDJs,Club & Event DJ (Open Format / Bollywood / EDM),"Hyderabad, Telangana",Quote on Request,8179742567,david.rintu7373@gmail.com,https://www.instagram.com/davidmusick_?igsh=OGJ4bnA2NGczNHZk&utm_source=qr,Dj from hyd started my djing from 2020 I play all genres but my main genres are Afro house and progressive house techno,Pending,"13/7/2026, 3:55:41 am"
9,ASWIN V R,DJs & VDJs,DJ & Music Producer,Kerala / Kochi,Quote on Request,9037080386,aswinvr518@gmail.com,https://www.instagram.com/djaimx?utm_source=ig_web_button_share_sheet&igsh=ZDNlZDc0MzIxNw==,"Aswin, professionally known as **DJ AIMX**, is an Indian DJ artist and music producer from Kerala. With a total of **7 years of experience in the music industry**, he has built a strong creative journey through **4 years of professional DJing** and **3 years of music production**.",Pending,"10/7/2026, 8:08:13 pm"
10,SAHIL RAJORA,DJs & VDJs,DJ & Music Producer,"Pune, Maharashtra",Quote on Request,9552682322,sahilrajora35@gmail.com,https://www.instagram.com/slrjrex?igsh=MXR2bTlpNTQ3Y3NsdA==,"Hi , Iam sahil Dj and Producer from pune Maharashtra I'll have 8 years experience of playing clubs and wedding gigs ,",Pending,"10/7/2026, 3:35:20 pm"
11,Akshay khatri,DJs & VDJs,Club & Event DJ (Open Format / Bollywood / EDM),Pan India (Available on Request),Quote on Request,9997085596,akshaykhatri666@gmail.com,https://www.instagram.com/dj_ark_official_?utm_source=qr&igsh=MWRsbHM4eGI4Z294dw==,I am an Open format DJ and I have been performing for many years around the world.,Pending,"11/7/2026, 6:21:51 pm"
12,Amandeep Singh,DJs & VDJs,Club & Event DJ (Open Format / Bollywood / EDM),Pan India (Available on Request),Quote on Request,+919354138184,ammygill0023@gmail.com,https://www.instagram.com/ammy_live_?igsh=MWdkN3NsdjljOTExbw==,6+ years on stage.,Pending,"22/7/2026, 1:38:44 pm"
13,Avtaar Singh,DJs & VDJs,DJ & Music Producer,Pan India (Available on Request),Quote on Request,9999092890,fusexonic@gmail.com,https://www.instagram.com/fusexonicavatar/,"Fusexonicavatar is an open-format DJ and music producer specializing in Bollywood, Melodic Techno, Afro House, Progressive House, UK Garage, and commercial electronic music. Known for high-energy sets and smooth genre blending, he creates immersive dancefloor experiences for clubs, private events, weddings, and festivals. With original releases and a passion for delivering unforgettable performances, Fusexonicavatar brings fresh sounds, crowd connection, and professional energy to every event.",Pending,"9/7/2026, 7:41:05 pm"
14,Ayan Sarkar,DJs & VDJs,Club & Event DJ (Open Format / Bollywood / EDM),Pan India (Available on Request),Quote on Request,+917439796548,gameralpha165@gmail.com,https://www.instagram.com/ayan_sarkar2248?igsh=cGpvNzR3bDcxbXZh,Experience Bollywood and techno in new way with me,Pending,"12/7/2026, 4:49:47 pm"
15,DJ Taukir Jamadar,DJs & VDJs,Club & Event DJ (Open Format / Bollywood / EDM),Pan India (Available on Request),Quote on Request,87804 68993,taukirjamadar123@gmail.com,https://www.instagram.com/dj_techtune?igsh=MWlzenFkdGw3MTJ5bg==,Dj mode always on,Pending,"11/7/2026, 4:17:22 pm"
16,DJ Vicky Music,DJs & VDJs,Club & Event DJ (Open Format / Bollywood / EDM),Pan India (Available on Request),Quote on Request,+919045021046,vickykumar13695@gmail.com,https://www.instagram.com/djvickymusic?igsh=MWhndG5ocGwyN2VxOQ==,"Good Vibes, Nice Performance, Nice Work rocking Night",Pending,"10/7/2026, 12:29:18 am"
17,Debotosh Purkayastha,DJs & VDJs,Club & Event DJ (Open Format / Bollywood / EDM),Pan India (Available on Request),Quote on Request,+919706667099,djcash.flyhigh@gmail.com,https://www.instagram.com/cashbeatzco?igsh=dXN4c2djdDhtNzdt&utm_source=qr,"Hi this is Debotosh, I am an open format DJ for 18 years. I have performed in 500 plus events and opened for some of the legendary DJs.",Pending,"8/7/2026, 10:28:25 pm"
18,Devanshu Mogre,DJs & VDJs,Club & Event DJ (Open Format / Bollywood / EDM),Pan India (Available on Request),Quote on Request,9021893426,devanshumogre786@gmail.com,https://www.instagram.com/devanshu.music?igsh=MnkzMnlkdjV6c3R0,"Live singer with experience performing at college festivals, cultural events, competitions, and private events. Specializing in Bollywood and acoustic performances with a professional stage presence.",Pending,"12/7/2026, 10:49:04 am"
19,Dj Axro,DJs & VDJs,Club & Event DJ (Open Format / Bollywood / EDM),Pan India (Available on Request),Quote on Request,8956566664,djaxrobookings@gmail.com,https://www.instagram.com/dj_axro?igsh=d2o2bHdxZTI2eHRs,DJ | MUSICIAN 🎧,Pending,"13/7/2026, 3:59:26 am"
20,Dj Ferrix,DJs & VDJs,Club & Event DJ (Open Format / Bollywood / EDM),Pan India (Available on Request),Quote on Request,8220131486,akashps0711@gmail.com,https://www.instagram.com/djferrix_?igsh=MW9rNWtwYTgzdXQ3bg%3D%3D&utm_source=qr,Hi I'm Dj Ferrix (Open Format Dj),Pending,"13/7/2026, 7:26:54 am"
21,DjSonu Bhalerao,DJs & VDJs,Club & Event DJ (Open Format / Bollywood / EDM),Pan India (Available on Request),Quote on Request,+917045565139,djsonubhalerao705@gmail.com,https://www.magnevents.in/register/artist?utm_medium=paid&utm_source=ig&utm_id=120252772827900281&utm_content=120252772827910281&utm_term=120252772827880281&utm_campaign=120252772827900281&fbclid=PAb21jcAS8Y1VleHRuA2FlbQEwAGFkaWQBqzlCgokiuXNydGMGYXBwX2lkDzU2NzA2NzM0MzM1MjQyNwABp3Y6lqufZECZiRasNVv9yaeS2-d1rxxn3ybXRXH9T7jqw24_qa_W_iW7XOoy_aem_WdIJYbndUUyGwFDKPucdfQ,5to6 Years Experience,Pending,"9/7/2026, 4:50:44 pm"
22,Hemant kumar,DJs & VDJs,Club & Event DJ (Open Format / Bollywood / EDM),Pan India (Available on Request),Quote on Request,8239400891,djhemantorg@gmail.com,https://www.instagram.com/djmatrixxofficial?igsh=YzlmY2U3NThjdWxq,Turning Events Into Memories ✨,Pending,"9/7/2026, 12:57:20 pm"
23,Het Patel,DJs & VDJs,Club & Event DJ (Open Format / Bollywood / EDM),Pan India (Available on Request),Quote on Request,6352757607,hetdpatel2105@gmail.com,https://www.instagram.com/hettrax.music?igsh=MWJ1dTV3d2JxbTZ6dg==,DJ Performance & Experience:,Pending,"10/7/2026, 11:36:22 am"
24,Himanshu gour,DJs & VDJs,Club & Event DJ (Open Format / Bollywood / EDM),Pan India (Available on Request),Quote on Request,8827851341,himanshugour76@gmail.com,https://drive.google.com/file/d/1m0mp3pXgqO2VDEV3Fjmrkvd-h4iLXOJC/view?usp=drivesdk,I am experience dj from 4y,Pending,"9/7/2026, 12:35:28 am"
25,KILLERBOT,DJs & VDJs,DJ & Music Producer,Pan India (Available on Request),Quote on Request,+917989780624,killerbotmusic@gmail.com,https://www.instagram.com/killerbotmusic?igsh=MWU5MDk5OWhua2FiNg%3D%3D&utm_source=qr,"Indian electronic musician and DJ Venkata Charan a.k.a KILLERBOT is renowned for his entrancing Dance music compositions. KILLERBOT has made a name for himself in the Indian music scene thanks to his talent for creating catchy beats and exhilarating tunes. Every track he produces demonstrates his love for Electronic music, as he deftly combines components from many subgenres to produce a distinctive and alluring sound.",Pending,"8/7/2026, 12:05:07 pm"
26,MAHS REDDY,DJs & VDJs,Club & Event DJ (Open Format / Bollywood / EDM),Pan India (Available on Request),Quote on Request,9082095345,djmahs@outlook.com,https://www.instagram.com/mahsreddy?igsh=bWtnN3M5dDRiYnIy,"MAHS REDDY’s journey towards success has been an eventful one, with loads of experience gained at the very early stage of his DJing career. An image made by him in this industry of music is worth the respect given to him by others.",Pending,"8/7/2026, 2:45:19 pm"
27,Madhan V,DJs & VDJs,Club & Event DJ (Open Format / Bollywood / EDM),Pan India (Available on Request),Quote on Request,91764 07038,madhancob@gmail.com,https://www.instagram.com/djmad_official_?igsh=MjF1Zmg2djR3am5h,12 plus year experiences as a resident dj.,Pending,"8/7/2026, 4:28:40 pm"
28,Mr mad bro,DJs & VDJs,VDJ (Visual DJ) & Electronic Artist,Pan India (Available on Request),Quote on Request,9713953434,djshibu01@gmail.com,https://www.instagram.com/mr_mad_bro?igsh=MXB6dGt2NWVpZmE3Nw==,I am vdj artist mr mad bro i play mejar city to all over India i play vdj Bollywood techno house Bollywood tach,Pending,"10/7/2026, 1:59:58 am"
29,Nilesh Dhuri,DJs & VDJs,Club & Event DJ (Open Format / Bollywood / EDM),Pan India (Available on Request),Quote on Request,+918169250928,11scarsmusic@gmail.com,https://www.instagram.com/11scarsmusic/?utm_source=ig_web_button_share_sheet,"My name is Nilesh Dhuri, professionally known as II SCARS. I am writing to apply for any Cruise DJ opportunities available through your company.",Pending,"9/7/2026, 5:02:40 pm"
30,Pranav Juyal,DJs & VDJs,Club & Event DJ (Open Format / Bollywood / EDM),Pan India (Available on Request),Quote on Request,7579490487,pranav.juyal108@gmail.com,https://www.instagram.com/_pamdu.j__?igsh=eGszbWFqMG0zcnZ6,Have been DJing since last 2 years. Have performed in IIT Roorkee fest 2024 and perform at various government events,Pending,"8/7/2026, 10:36:24 am"
31,Pratik Dharia,DJs & VDJs,Club & Event DJ (Open Format / Bollywood / EDM),Pan India (Available on Request),Quote on Request,72768 40400,dddjmaak@gmail.com,https://www.instagram.com/dddjpratik?igsh=bHNrcXR2dDJqcHl6,PROFESSIONAL DJ specialist in clubs wedding events,Pending,"12/7/2026, 7:42:08 pm"
32,Ranuj Kasturia,DJs & VDJs,Club & Event DJ (Open Format / Bollywood / EDM),Pan India (Available on Request),Quote on Request,98711 26904,djronyindia@gmail.com,https://www.instagram.com/djrony_india?igsh=MWFzc214MG0zaWwzeA==,Im,Pending,"12/7/2026, 8:13:18 am"
33,Siddharth Salvi,DJs & VDJs,Club & Event DJ (Open Format / Bollywood / EDM),Pan India (Available on Request),Quote on Request,9309797309,sidsalvi99@gmail.com,https://www.instagram.com/swerte_music?igsh=MXQxZDEwOG15MTBldw==,Opened for djs like Nucleya and The spin doctor.,Pending,"11/7/2026, 10:49:22 pm"
34,Simmixx,DJs & VDJs,VDJ (Visual DJ) & Electronic Artist,Pan India (Available on Request),Quote on Request,8779868498,simmixx8@gmail.com,https://www.instagram.com/simmixx__official?igsh=d2NsanJtbGZxYXB5,Dj/Vdj/Music composer 9+ years experience more than 1000+ events,Pending,"9/7/2026, 12:28:54 am"
35,Sourav Kharka,DJs & VDJs,Club & Event DJ (Open Format / Bollywood / EDM),Pan India (Available on Request),Quote on Request,+917005123546,souravkharka25@gmail.com,https://www.instagram.com/souravkharka?igsh=dDJoamY5eXdseWIx,"A professionally trained singer, I am a graduate of Bhatkhande University with advanced vocal training from T-Series Academy and Akaralotekji Academy. Over the years, I have performed at a wide range of live events, including corporate shows, festivals, concerts, private gatherings, and special occasions.",Pending,"8/7/2026, 11:13:07 pm"
36,Tushar roy,DJs & VDJs,Club & Event DJ (Open Format / Bollywood / EDM),Pan India (Available on Request),Quote on Request,8779495776,tusharnsroy333@gmail.com,https://www.instagram.com/itsyourdjtushar_official?igsh=czlmeHU0OXVjcXhh,Hey,Pending,"12/7/2026, 5:05:06 pm"
37,Vivek chouhan,DJs & VDJs,Club & Event DJ (Open Format / Bollywood / EDM),Pan India (Available on Request),Quote on Request,6377763885,vivekchouhan563@gmail.com,https://www.instagram.com/dj_vish_udaipur?igsh=MWUwbDM4djNxdW5pYw%3D%3D&utm_source=qr,Club shows private event end wedding show experience 5year,Pending,"9/7/2026, 4:02:17 pm"
38,Yash,DJs & VDJs,Club & Event DJ (Open Format / Bollywood / EDM),Pan India (Available on Request),Quote on Request,9321532479,yashghadi5@gmail.com,https://www.instagram.com/dj_yash_india_official?igsh=OWE4bWs0cm9rZHJ1&utm_source=qr,YASH aka DJ YASH INDIA is,Pending,"11/7/2026, 8:53:12 pm"
